Followers,Average_Likes,Average_Comments,Average_Engagement_Rate,Engagement_Rate_(60_Days),Posting_frequency_(last_60_days),Posts_(image),Posts_(videos),Posts_(carousel),Average_Hashtags_/_Post_(60_Days),Hashtags_(dictionary)
81066,37290.57,109.81,46.1357,60.0699,19,1,18,0,3.368,"{'gastritis': 1, 'gerd': 1, 'medicalmemes': 17, 'medicalschool': 1, 'protonpumpinhibitor': 1, 'medschool': 5, 'medstudent': 1, 'alcoholmetabolism': 1, 'aldh2deficiency': 1, 'aldh2': 1, 'hairloss': 1, 'finasteride': 1, '5alphareductase': 1, 'biology': 1, 'dermatology': 1, 'lacoperon': 1, 'lactose': 1, 'glucose': 1, 'medmemes': 1, 'gefitinib': 1, 'nsclc': 1, 'targettherapy': 1, 'atpsynthase': 1, 'mitochondria': 1, 'gas': 1, 'medico': 3, 'catalase': 1, 'catalasepositive': 1, 'immunologymemes': 1, 'immunology': 1, 'positiveselection': 1, 'negativeselection': 1, 'medicine': 1, 'antihistamine': 1, 'bloodbrainbarrier': 1, 'diabetes': 1, 'pancreaticbetacells': 1, 'nkcell': 1, 'antibiotics': 1, 'mrsa': 1, 'vitaminc': 1, 'scurvy': 1}"
51300,462.66,1.64,0.9051,0.4647,27,24,1,2,5.444,"{'cablemod': 27, 'pcmodder': 11, 'pcmasterrace': 19, 'hardware': 11, 'sleevedcables': 11, 'cablemanagement': 17, 'pcbuild': 11, 'watercooling': 18, 'extremepc': 11, 'gamer': 19, 'psu': 11, 'liquidcooling': 11, 'pcrig': 11, 'pcmodding': 17, 'custompcbuild': 17, 'customcables': 19, 'pcmr': 19, 'asusrog': 6, 'gamingpc': 17, 'watercooled': 10, 'workstation': 1, 'magenta': 1, 'pcsetups': 6, 'gamerpc': 6, 'pcbuilds': 6, 'pcgaming': 24, 'battlestation': 6, 'gamingsetups': 6, 'setupgamer': 6, 'pcmods': 6, 'gamingcommunity': 6, 'pcmod': 6, 'gamingtech': 6, 'customloop': 6, 'watercooledpc': 12, 'highend': 6, 'htpc': 5, 'enthusiast': 10, 'xpg': 5, 'rgb': 6, 'modding': 10, '4090strix': 5, 'casemodder': 10, 'intel': 10, 'cherrymx': 8, 'keyboardcables': 8, 'gamingkeyboard': 8, 'mechkey': 8, 'coiledcables': 2, 'coiledcable': 8, 'mechanicalkeyboards': 8, 'photography': 8, 'artisankeycaps': 8, 'pc': 15, 'corsair': 8, 'gamingsetup': 8, 'keycaps': 8, 'keebsgg': 8, 'coding': 8, 'keebs': 8, 'developer': 8, 'artisancables': 8, 'grey': 2, 'customkeyboards': 8, 'desksetup': 8, 'logitech': 8, 'amd': 6, 'nature': 1, 'purplepc': 3, 'geekhack': 4, 'gaming': 8, 'gmk': 4, 'customkeebs': 1, 'noctua': 1, 'proart': 1, 'x870e': 1, 'thermaltake': 2, 'asus': 2, 'teamgroup': 1, 'pcbuilding': 2, 'custompc': 2, 'airbuild': 1, 'brown': 1, 'beforeafter': 1, 'rog': 1, 'hero': 1, 'ryzen': 1, 'bitspower': 1, 'x870': 1, 'heatkiller': 1, 'aircooled': 1, 'girlgamer': 2, 'msigaming': 1}"
50926,13998.27,150.32,27.7826,0.0,0,0,0,0,0.0,-
14127,15995.74,264.28,115.0989,697.4658,14,0,14,0,2.0,"{'minecraft': 14, 'minecrafters': 12, 'minecrafts': 1, 'minecrafter': 1}"
38429,2460.94,51.5,4.4217,8.653,54,0,54,0,5.074,"{'noodles': 37, 'ramen': 26, 'udon': 3, 'fyp': 39, 'frozenramen': 10, 'frozenramenkit': 6, '110': 1, '165': 1, 'chinesefood': 1, 'vancouvereats': 1, 'cupnoodles': 1, 'nissin': 1, 'frozenudon': 1, 'misoramen': 1, '175': 1, 'sushi': 1, 'waygu': 1, 'japanesefood': 3, 'filipinofood': 1, 'beefpares': 1, 'surrey': 1, '160': 1, 'yvreats': 3, 'richmondeats': 1, 'bigway': 1, '201': 1, 'koreanfood': 6, 'koreanbbq': 2, 'ayce': 2, '101': 1, 'jajangmyeon': 1, 'tangsukyuk': 1, '105': 1, 'tteokbokki': 1, 'surreyeats': 1, 'bakery': 1, 'crossiant': 1, 'yvr': 3, 'vancouver': 5, 'vietfood': 2, 'saigonfood': 1, 'rigatoni': 1, 'instantnoodles': 1, 'noodle': 7, 'yvrfoodie': 3, 'vancouverfoodie': 3, 'morroco': 1, 'chinatown': 1, 'bibimbap': 2, 'bentobox': 1, 'indianfood': 1, 'naan': 1, 'butterchicken': 1, 'cooking': 3, '120': 1, 'japanesefusion': 1, 'japanfood': 1, 'localbusiness': 1, 'icecream': 1, 'viralmangoicecream': 1, 'propitiousmango': 1, 'mangoicecream': 1, 'shoyuramen': 1, 'mazesoba': 1, 'kokoro': 1, 'marugame': 1, 'koreanfoods': 1, 'koreafood': 1, 'media': 1, 'pr': 1, 'michelinguide': 1, 'vancouverfood': 1, 'vancouverdining': 1, 'yvreat': 1, 'yaletownvancouver': 1, 'hiddengemsvancouver': 1, '100': 1, 'culinaryclasswars': 1, 'gastown': 2, 'foodie': 2, 'japanese': 1, 'actress': 1, 'japaneserestaurant': 1, 'ãã³ã¯ã¼ãã¼': 1, 'ãã³ã¯ã¼ãã¼ã°ã«ã¡': 1, 'exclusiveclub': 1, 'vancityeats': 1, 'uniramen': 1, 'shio': 1, 'shoyu': 1, 'ramenchallenge': 1, 'pho': 2, 'frozenpho': 1, 'viet': 1, 'bbq': 1, 'ricepaper': 1, 'ramenhacks': 2, 'buldak': 4, 'spicynoodles': 2, 'italianfood': 1, 'thingstodovancouver': 1, 'vancouverisawesome': 1, 'yvrfood': 1, 'hongkongfood': 1, 'richmond': 1, 'cheetos': 1, 'ramenhack': 1, 'foodies': 2, 'foodporn': 2, 'hotpot': 1, 'buffet': 1, 'skewers': 1, 'iranianfood': 1, 'persianfood': 1, 'cazba': 1, 'stew': 1, 'kebab': 1, 'halal': 1}"
56821,8702.17,111.06,15.5105,30.7914,17,0,17,0,2.176,"{'repair': 10, 'customizing': 1, 'restoration': 10, 'boots': 6, 'shoes': 1, 'orthopedics': 1, 'customized': 3, 'nike': 1, 'orthopedic': 1, 'sneakers': 2, 'craftmanship': 1}"
59853,30113.36,346.03,50.8903,220.1672,3,0,3,0,6.667,"{'coffee': 3, 'diddy': 1, 'asmr': 3, 'science': 3, 'homemade': 3, 'interesting': 3, 'matcha': 1, 'recipe': 2, 'fyp': 1}"
77166,7773.39,108.9,10.2147,5.5478,5,2,0,3,0.0,{}
53035,11516.01,112.55,21.9262,8.3933,5,0,2,3,0.0,{}
37423,587.64,17.67,1.6175,0.2058,1,0,1,0,1.0,{'kzkfoodcup': 1}
16074,357.1,28.0,2.3958,2.7373,4,0,0,4,11.5,"{'gastonluga': 1, 'anywherewithgl': 1, 'èå': 1, 'èå': 1, 'é²æ°´': 1, 'ä¿é·æ´»å': 1, 'çå¸åç': 1, 'æ¥æ¬ç±é·çªç ´2åå': 1, 'basebreadæ­£å¼ç»é¸é¦æ¸¯7eleven': 1, 'å¿åçé¤ä»£é¤': 1, 'éåå¾è£åé«å': 1, 'æ°ä¸å¸æ¥å¼åå©å³': 1, 'å¯ä»¥åº7elevenè²·å°': 1, 'æçæ´»å': 1, '7elevenhk': 1, 'basefood': 1, 'basefoodhk': 1, 'å¨éº¥å¥åº·çæ´»': 1, 'éºµå': 1, 'é¬é¤': 1, 'é¤ä¹¾': 1, 'åå¸': 1, 'éå°å³é£': 1, 'ä»£é¤': 1, 'æ¥æ¬è£½': 1, 'basebread': 1, 'å¥åº·é£²é£': 1, 'æ¥ç³': 1, 'èæ¡': 1, 'æ±å¤å': 1, 'é«èç½': 1, 'ç¶­çç´ ': 1, 'ç¤¦ç©è³ª': 1, 'è³é£çºç¶­': 1, 'ä½ç¢³': 1, 'å£å³è±å¯': 1, 'åå©': 1, 'ä¿å¥å': 1, 'å¥åº·ç®¡ç': 1, 'åºéå¿å': 1, 'çé¤æ°£å¯è': 1, 'é½æçæ´»': 1, 'ç±é·ç¢å': 1, 'å»æ¿æ¶ç´å¥½å¹«æ': 1, 'çç©ºä¿é®®ç': 1, 'æ°£å¯ä¿é®®ç': 1}"
56148,2091.95,60.84,3.8341,0.5875,9,3,6,0,1.667,"{'ad': 2, 'marksprotrades': 1, 'bluecollar': 2, 'trades': 2, 'metalwork': 1, 'welder': 2, 'lubricant': 1, 'machinist': 1, 'metalworking': 1, 'anchorlube': 1, 'femalewelder': 1}"
19465,190.91,11.32,1.0389,0.6358,12,2,9,1,0.0,{}
11140,1426.58,34.0,13.1111,2.2172,3,0,3,0,7.333,"{'skits': 3, 'gunnyreels': 1, 'sketch': 1, 'comedian': 3, 'comedy': 1, 'actor': 3, 'model': 3, 'funnyreels': 2, 'comedyreel': 1, 'cougarcatchingclub': 2, 'funny': 2}"
15536,342.44,76.91,2.6992,2.2799,25,17,0,8,18.76,"{'girl': 18, 'babygirl': 19, 'baby': 19, 'mybaby': 17, 'mylove': 18, 'daughter': 1, 'dziewczynka': 17, 'cÃ³reczka': 17, 'mojamiÅoÅÄ': 17, 'motherlove': 17, 'retro': 34, 'retrostyle': 34, 'love': 18, 'magic': 18, 'vintage': 17, 'vintagestyle': 17, 'fatheranddaughter': 1, 'dad': 3, 'tataicÃ³rka': 1, 'father': 1, 'tata': 3, 'cÃ³rka': 3, 'coreczkatatusia': 1, 'kalendarz': 1, 'kalendarzadwentowy': 1, 'ÅwiÄta': 1, 'christmas': 3, 'christmasbaby': 1, 'photooftheday': 4, 'instaphoto': 1, 'instapic': 1, 'christmastime': 1, 'christmasiscoming': 2, 'doughter': 18, 'detale': 1, 'details': 1, 'ozdobyÅwiÄteczne': 1, 'ozdobychoinkowe': 1, 'choinka': 1, 'christmastree': 1, 'magicmoments': 1, 'christmasdecor': 1, 'inspo': 4, 'inspiration': 4, 'christmasinspo': 1, 'christmasinspiration': 1, 'autumn': 13, 'jesieÅ': 13, 'autumvibes': 2, 'autumnmood': 2, 'familly': 2, 'famillytime': 2, 'famillyfirst': 2, 'rodzina': 2, 'mama': 2, 'mom': 2, 'sunnyday': 2, 'beautifulday': 2, 'joolzaerplus': 2, 'myjoolz': 2, 'joolzpolska': 2, 'natura': 2, 'nature': 2, 'naturephotography': 2, 'photography': 2, 'coffee': 2, 'coffeetime': 2, 'kawa': 2, 'czasnakawÄ': 2, 'sobota': 2, 'saturday': 2, 'coffeeholic': 2, 'coffeelovers': 2, 'coffeecoffeecoffee': 2, 'weekend': 2, 'weekendvibes': 2, 'autumncoffee': 2, 'pumpkin': 3, 'dynie': 3, 'bw': 1, 'blackandwhite': 1, 'blackandwhitephotography': 1, 'sunday': 1, 'farmadyniowa': 4, 'farm': 4, 'owce': 1, 'owca': 1, 'ship': 1, 'koza': 1}"
40855,64.57,43.23,0.2639,0.2973,32,3,7,22,12.0,"{'alimentacionsaludable': 36, 'alimentacionketo': 14, 'alimentacionsana': 14, 'alimentacionconsciente': 19, 'cetogenico': 14, 'levaincetogenico': 14, 'masamadreketo': 14, 'masamadrecetogenica': 14, 'sanarelcuerpo': 14, 'cuerposano': 14, 'saludable': 14, 'sintacc': 20, 'singluten': 21, 'sinazucar': 20, 'sinlactosa': 19, 'diabetes': 18, 'diabeticos': 14, 'celiaquia': 18, 'celiacos': 14, 'celiaquismo': 14, 'recetaregalona': 4, 'naturalmentealma': 3, 'promoketo': 1, 'keto': 8, 'ketolifestyle': 1, 'medialunas': 1, 'medialunasdemanteca': 1, 'medialunasketo': 2, 'medialunassintacc': 2, 'medialunassingluten': 1, 'medialunassinazucar': 2, 'diadelamadre': 4, 'dÃ­adelamadre': 1, 'lowcarb': 2, 'sinazÃºcar': 1, 'desayunosaludable': 1, 'medialunasingluten': 1, 'sinazucargracias': 1, 'dulcedeleche': 1, 'ketoddl': 1, 'ddlconalulosa': 1, 'alulosa': 1, 'ketoconalulosa': 1, 'cetigenico': 1, 'bajoencar': 1, 'primavera': 1}"
15243,956.63,43.17,6.5591,0.0,0,0,0,0,0.0,-
18068,602.41,24.22,3.4682,1.3366,12,2,7,3,5.917,"{'seoul': 2, 'tripseoul': 1, 'privategroup': 4, 'privatetrip': 6, 'trustedtravelagent': 6, 'namiisland': 2, 'autumn': 2, 'mapleleafs': 1, 'tourguiderazi': 5, 'pakejmurahseoul': 1, 'swiss': 4, 'smallgroup': 2, 'zermatt': 1, 'italy': 1, 'rome': 1, 'foodshunters': 1, 'trustedttravelagent': 1, 'matterhorn': 1, 'gornegat': 1, 'traveltheworld': 1, 'abamtourguide': 1, 'kerja': 1, 'abamtaklupabagiduitraya': 1, 'switzerland': 1, 'newzealand': 4, 'trustedtravelagen': 1, 'milforsound': 1, 'travelphotography': 2, 'privatetourguide': 2, 'foryourself': 1, 'southislandnz': 1, 'snow': 1, 'brocuba': 2, 'gym': 1, 'travelblogger': 1, 'travelwithfamily': 1, 'sabah': 1, 'kotakinabalu': 1, 'razitravelservices': 1, 'schoolholiday': 1, 'dekatje': 1"
27929,618.11,3.32,2.225,0.5168,3,2,1,0,3.0,"{'frutillas': 1, 'daifuku': 1, 'mochi': 1, 'wagashi': 1, 'primaveraverano': 1, 'ikebana': 1, 'japÃ³n': 1, 'floresnaturais': 1, 'cultura': 1}"
19021,404.04,21.73,2.2384,0.0,0,0,0,0,0.0,-
56650,1025.98,20.01,1.8464,2.8624,13,5,0,8,0.0,{}
33941,165.91,3.77,0.4999,0.0359,45,21,8,16,8.178,"{'police': 14, 'policekonsept': 14, 'polisdogumgunu': 14, 'armievents': 34, 'ankaradoÄumgÃ¼nÃ¼organizasyonu': 17, 'ankarakonsept': 14, 'policeparty': 14, 'ankara': 17, 'incek': 14, 'kamyonkonsept': 14, 'itfaiyedogumgunu': 14, 'kepÃ§edoÄumgÃ¼nÃ¼': 14, 'iÅmakinalarÄ±': 14, 'teddy': 14, 'safari': 14, 'itfaiye': 3, 'itfaiyekonsept': 3, 'itfaiyedoÄumgÃ¼nÃ¼': 3, 'alice': 3, 'wonderland': 3, 'aliceinwonderland': 3, 'aliceharikalardiyarÄ±nda': 3, 'ankaradoÄumgÃ¼nÃ¼organizasyon': 3, 'ankaraparty': 3, 'alicewonderland': 3, 'safarikonsept': 3, 'ayÄ±cÄ±kkonsept': 3, 'futbolkonsept': 3, 'kelebekkonsept': 3, 'hastaneodasÄ±': 3, 'organizasyon': 3, 'ankaraorganizasyon': 3, 'uzaykonsepti': 3, 'cookies': 3, 'parti': 3, 'events': 3, 'atlÄ±karÄ±nca': 3, 'rabbitkonsept': 3, 'kelebek': 3, 'karnaval': 3, 'karnavalkonsept': 3, 'butterfly': 3, 'kelebekkonsepti': 3, 'futbol': 5, 'unicorn': 3, 'gÃ¶kkuÅaÄÄ±konsept': 3, 'denizkÄ±zÄ±': 3, 'mermarid': 3, 'denizkÄ±zÄ±konsept': 3, 'rabbit': 3, 'peterrabbit': 3, 'tavÅankonsept': 3, 'Ä±ÅÄ±klÄ±kelebek': 3, 'mevlidkonsepti': 3, 'Åato': 3, 'Åatokonsept': 3, 'babyshower': 3, 'futbolkonsepti': 2, 'maÃ§konsepti': 2}"
78140,2355.76,44.76,3.0721,2.5836,10,0,3,7,0.8,"{'inspofashion': 1, 'outfitinspo': 2, 'ootd': 1, 'outfitinspiration': 1, 'milano': 1, 'couplefashion': 1, 'autumnfashion': 1}"
24615,678.0,6.31,2.78,1.6465,14,5,0,9,0.0,{}
71291,28.95,0.51,0.0413,0.0034,5,3,1,1,1.4,"{'ocrfitclub': 2, 'landroverdefender': 2, 'destinationdefender': 2, '4dayweekend': 1}"
99589,7945.38,102.77,8.0814,7.0895,14,0,2,12,1.286,"{'dayoff': 2, 'brunch': 1, 'ãã¼ã«ãªã¼ã©ã¦ã³ã¸æ²¢æ': 1, 'andemiu': 1, 'pr': 2, 'naturalbeautybasic': 1, 'ããã¥ã©ã«ãã¥ã¼ãã£ã¼ãã¼ã·ãã¯': 1, 'NBB24FW': 1, 'è»½äºæ²¢ #ç´è': 1, 'é²å ´æ± ': 1, 'sawamurabakery': 1, 'ãããã½liveãããã¨ããããã¾ãã': 1, 'ãªãªãªã³åº§æµæç¾¤': 1, 'é·é': 1, 'ç½æ¨ºé«å': 1, 'ãã¾ã³ãã±ã¼ã­': 1, 'ç½æ¨ºæ¹': 1, 'é§ã¶å³° ': 1, 'æ°è±¡ã¬ã¼ãã¼ãã¼ã ': 1, 'çã¿ã³ã¤ãã­ä¸²': 1, 'è¡£è£æä¾': 1, 'çªçµè¡£è£': 1}"
52437,858.27,8.42,1.6528,1.7276,24,5,0,19,3.0,"{'theartofbelmond': 24, 'splendidomare': 24, 'portofino': 23, 'portotino': 1}"
49887,3227.84,10.5,6.4914,3.0367,10,7,2,1,0.8,"{'newsong': 1, 'songpromotion': 1, 'friends': 1, 'newmusicfriday': 1, 'cleverfit': 1, 'cleverfitfamily': 1, 'cleverfitgermany': 1, 'onecommunity': 1}"
31186,312.39,88.0,1.2839,1.7929,16,7,6,3,3.75,"{'leibniz': 16, 'derkeks': 15, 'esistdeinchaos': 9, 'lebenmitkindern': 5, 'familienalltag': 4, 'familienfreude': 1, 'familienleben': 2, 'vaya': 1, 'gewinnspiel': 1, 'vayaresorts': 1, 'getthevibes': 1, 'knusperhÃ¤uschen': 1, 'rezept': 1, 'mamablogger': 1, 'genieÃedaschaos': 1}"
25346,352.91,3.45,1.406,0.0,0,0,0,0,0.0,-
48943,1109.19,29.17,2.3259,1.1193,5,2,3,0,0.0,{}
33017,210.77,33.91,0.7411,0.2011,18,3,2,13,0.667,"{'meetthefounder': 1, 'castilÃ©': 1, 'davidyastrid': 2, '5': 1, 'family': 1, 'thedigitallife': 2, 'icedlatte': 1, 'aniversariotdl': 1, '8aÃ±osdeinnovaciÃ³n': 1, 'marketingdigital': 1}"
31820,1101.05,83.13,3.7215,0.8045,1,1,0,0,3.0,"{'monamour': 1, 'mafille': 1, 'love': 1}"
62551,51.5,4.33,0.0893,0.0893,4,0,4,0,3.75,"{'maine': 4, 'mainerealtors': 3, 'mainerealestate': 3, 'maineinvestors': 2, 'mpareusa': 1, 'newengland': 1, 'snowstorm': 1}"
59984,1895.64,24.91,3.2018,0.0,0,0,0,0,0.0,-
54385,923.45,4.83,1.7069,1.1182,9,0,0,9,3.889,"{'äººå£æ¸å°': 1, 'å°å­å': 1, 'æªå®æåº«': 7, 'å¼å¤©è': 3, 'å¥ç´': 1, 'é²åè«': 1, 'ç¥': 1, 'ãã±ã¢ã³': 1, 'ããã¢ã³': 1, 'ã­ã£ã©ã¯ã¿ã¼': 1, 'pocketmonsters': 1, 'characterdesign': 1, 'å¤¢': 1, 'dream': 1, 'hope': 1, 'å¿': 1, 'æè­': 1, 'ããããã': 1, 'æªç£': 1, 'èªå·±ä¸­': 1, 'çµé»': 1, 'çç¡': 1, 'ãç²ãæ§': 1, 'æ¼ç': 1, 'æ¼æµ': 1, 'æ­»': 1, 'æ­» çè¦³': 1}"
126139,9392.43,153.79,7.568,4.1761,19,0,8,11,0.316,"{'ad': 2, 'pumaspeedcat': 1, 'applepay': 1, 'lacostewatch': 1, 'lc33': 1}"
56799,12507.23,7.36,22.0331,36.432,7,5,1,1,7.143,"{'à¹à¸à¸¡à¸ªà¸à¸­à¸£': 12, 'à¹à¸­à¸': 3, 'à¸ªà¸à¸­à¸£': 3, 'à¹à¸': 3, 'à¸£': 17, 'à¹à¸à¸£à¸': 2, 'à¸à¸³à¸à¸²à¸¡à¸ªà¸à¸­à¸£': 4, 'à¹à¸à¸¡à¸ª': 1, 'oilpastel': 1, 'à¸ª': 1, 'painting': 1, 'fyp': 1, 'à¸à¸­à¸à¸': 1}"
62716,7900.22,157.39,12.8478,39.2975,6,0,6,0,7.833,"{'sarahjessicaparker': 4, 'carriebradshaw': 1, 'glamour': 1, 'andjustlikethat': 3, 'satc': 3, 'kristindavis': 1, 'bts': 4, 'behindthescenes': 2, 'action': 1, 'filming': 1, 'ajlt': 2, 'goldenheartawards': 2, 'michaelkors': 2, 'kors': 1, 'entertainmentnews': 4, 'redcarpet': 2, 'sjp': 4, 'nycfashion': 1, 'cynthianixon': 1, 'nyc': 1, 'andycohen': 1, 'bravo': 1, 'ballet': 1, 'nycballet': 1, 'gala': 1, 'fashion': 1}"
37890,254.57,0.32,0.6727,0.0,0,0,0,0,0.0,{}
55758,194.34,14.85,0.3752,0.1762,24,6,13,5,8.417,"{'tsd': 6, 'sanitarios': 6, 'nutriciÃ³n': 14, 'nutricionista': 10, 'dietistanutricionista': 6, 'dietista': 8, 'congreso': 3, 'nutricion': 2, 'webinar': 2, 'yosoytsd': 4, 'oncologia': 1, 'consultanutriciÃ³n': 1, 'formacion': 2, 'cean': 3, 'cursonutriciÃ³n': 5, 'vitaminab12': 1, 'suplementaciÃ³n': 2, 'nutriciÃ³nvegetariana': 2, 'nutriciÃ³nvegana': 2, 'cianocobalamina': 1, 'centrodeestudios': 1, 'educaciÃ³nnutricional': 1, 'nutricionistas': 5, 'cursovirtualnutriciÃ³n': 1, 'educaciÃ³nmÃ©dicacontinua': 1, 'nutriciÃ³ngenÃ©tica': 1, 'consultanutricional': 1, 'webinarnutriciÃ³n': 1, 'genÃ©ticanutricional': 1, 'saludmetabÃ³lica': 1, 'nutriciÃ³npersonalizada': 1, 'investigaciÃ³nnutricional': 1, 'Ã³micasenlanutriciÃ³n': 1, 'formaciÃ³nnutricional': 2, 'nutriciÃ³ndeportiva': 8, 'creatina': 1, 'dietasvegetarianas': 1, 'formaciÃ³nnutriciÃ³n': 2, 'rendimientodeportivo': 3, 'suplementaciÃ³nvegana': 1, 'ciclomenstrual': 4, 'mujeresatletas': 1, 'rendimientofemenino': 1, 'entrenamientofemenino': 1, 'saludfemenina': 1, 'deporteynutriciÃ³n': 1, 'congresocean2024': 1, 'nutriciÃ³nclÃ­nica': 1, 'sevilla': 2, 'saludydeporte': 1, 'congresocean': 3, 'catalinacarabia': 1, 'deportefemenino': 1, 'olympiquelyonnais': 1, 'crossfit': 1, 'microbiota': 1, 'drismaelsanmauro': 1, 'salud': 4, 'depresiÃ³n': 1, 'saludmental': 1, 'congresosean': 2, 'estilodevida': 2, 'inflamaciÃ³n': 1, 'saludintegral': 2, 'fernandomata': 1, 'mujer': 3, 'menopausia': 1, 'nutriÃ³logo': 1, 'mujerdeportista': 3, 'entrenamientointeligente': 1, 'atletas': 1, 'congresonutriciÃ³n': 1, 'proteÃ­nas': 1, 'rendimiento': 1, 'planificacionesdietÃ©ticas': 1, 'profesionalsanitario': 2, 'nutriÃ³logos': 2, 'b12': 1, 'formaciÃ³nparanutricionistas': 1, 'saludvegana': 1, 'enfermedadesautoinmunes': 1, 'inflamaciÃ³ncrÃ³nica': 1, 'pedrocarrera': 1, 'altorendimiento': 1, 'entrenamientointestinal': 1, 'carbohidratos': 1, 'planificaciÃ³nnutricional': 1, 'saludintestinal': 1, 'deportesderesistencia': 1, 'mujeresqueinspiran': 1, 'cursoonlinenutriciÃ³n': 1, 'nutriciÃ³ninfantil': 1, 'saludinfantil': 1, 'nutriciÃ³nconsciente': 1, 'alimentaciÃ³nsaludable': 1, 'crecimientosaludable': 1, 'nutriciÃ³npediÃ¡trica': 1, 'saludybienestar': 1, 'alimentaciÃ³ninfantil': 1, 'nutriciÃ³nconciencia': 1, 'nutriciÃ³nysalud': 1, 'nutris': 1, 'vidasaludable': 1, 'consejosnutricionales': 1, 'saludnutricional': 1, 'veganismo': 1, 'entrenadores': 1, 'cursosnutriciÃ³n': 1}"
35838,425.13,16.04,1.231,0.8052,16,3,12,1,7.5,"{'larvegan': 13, 'govegan': 11, 'plantbased': 12, 'veganfortheplanet': 11, 'restaurantevegano': 10, 'cogumelos': 1, 'natalvegano': 1, 'ceiavegana': 1, 'comidavegana': 5, 'veganforanimals': 8, 'marmitasveganas': 1, 'salgadosveganos': 1, 'veganossp': 3, 'gastronomiavegana': 3, 'halloween': 1, 'halloweenvegan': 1, 'sp': 3, 'vegansp': 3, 'veganismopopular': 1, 'pizzavegan': 2, 'rodiziovegano': 2, 'veganfortheanimals': 2, 'vidavegana': 1, 'comidamexicana': 1, 'comidamexicanavegana': 1, 'junkfood': 1, 'junkfoodvegan': 1, 'veganrecife': 1, 'veganfood': 2, 'larvegansp': 1, 'pzzavegana': 1, 'veganbr': 1, 'opcaovegana': 1, 'veganismo': 1, 'restauranteveganosp': 1, 'eleiÃ§Ã£o': 1, 'meioambiente': 1, 'saude': 1, 'feminismo': 1, 'antirracista': 1, 'lgbtqiap': 1, 'vegan': 2, 'rodiziodepizza': 1, 'veganforlife': 1}"
47850,2067.83,19.6,4.3624,0.0,0,0,0,0,0.0,-
57399,8635.84,14.58,15.0707,2.9015,14,2,12,0,9.143,"{'haryana': 8, 'america': 3, 'jaat': 3, 'dhandanyoliwala': 3, 'haryanvi': 5, 'sumitparta': 3, 'kisan': 2, 'babbumaan': 2, 'trump': 2, 'california': 2, 'fitness': 1, 'gym': 1, 'natural': 1, 'newyork': 1, 'hindu': 4, 'raam': 1, 'haryanaroadways': 3, 'haryanviculture': 3, 'haryanvishayari': 3, 'shyari': 3, 'shyarilovers': 3, 'trendingreels': 3, 'hindisongs': 3, 'hindiquotes': 3, 'hindishayari': 3, 'hindipoems': 3, 'hindiwriting': 3, 'sister': 3, 'sisterlove': 3, 'sis': 3, 'maa': 3, 'fatherdaughter': 3, 'sad': 3, 'dhokha': 3, 'up': 3, 'rajasthan': 3, 'jaipur': 3, 'sonipat': 3, 'kaithal': 3, 'jind': 3, 'jhajjar': 3, 'narwana': 3, 'delhi': 3, 'instagram': 1, 'trending': 1, 'wrightsvillebeachnc': 1, 'nc': 1, 'wilmington': 1}"
151335,14585.38,67.44,9.6824,25.4212,18,0,7,11,1.278,"{'newmegals': 3, 'elitebynewme': 3, 'ad': 2, 'pondsindia': 1, 'miraclehappens': 1, 'skincare': 1, 'spf50': 1, 'niacinamide': 1, '12hourssunprotection': 1, 'explore': 1, 'olddelhi': 1, 'cinematic': 1, 'delhidiaries': 1, 'delhidaily': 1, 'puranidilli': 1, 'chandinichowk': 1, 'savana': 1, 'savanasquad': 1}"
29972,6399.38,65.59,21.5701,4.3474,2,2,0,0,25.0,"{'gay': 2, 'gaycz': 2, 'gayboy': 2, 'gaylove': 2, 'gayselfie': 2, 'man': 2, 'manboy': 2, 'boy': 2, 'live': 2, 'schlaf': 2, 'gayusa': 2, 'gayaustralia': 2, 'gaygermany': 2, 'gaysenfrance': 2, 'gaytwinks': 2, 'twink': 2, 'gayslovakia': 2, 'nature': 2, 'yes': 2, 'ja': 2, 'good': 2, 'prague': 2, 'twins': 2, 'girl': 2, 'frau': 2}"
65840,1954.97,21.16,3.0014,2.2974,11,2,4,5,2.182,"{'pregnant': 1, 'happytime': 1, 'reunionisland': 1, 'iledelareunion': 3, 'robedesoiree': 3, 'tempspourmoi': 1, 'dÃ©tente974': 1, 'edena': 2, 'momlife': 2, 'collaborationcommerciale': 2, 'allaitement': 1, 'babymama': 1, 'cadum': 1, 'momentsdedouceur': 1, 'mamanetbÃ©bÃ©': 1, 'soinnaturel': 1, 'routinebienÃªtre': 1}"
75769,2327.26,71.31,3.1656,3.4885,5,1,2,2,7.6,"{'holidaydecorating': 3, 'holidayhomes': 2, 'holidaycottage': 2, 'cozyroom': 2, 'cozycottage': 3, 'cottageliving': 2, 'countryhomemagazine': 1, 'livingroomdecoration': 2, 'fireplacedecor': 2, 'christmasdecor': 1, 'holidaymantle': 1, 'livingroominspiration': 2, 'simplehomestyle': 2, 'christmastree': 1, 'christmaslight': 1, 'holidaydecorations': 1, 'cottagedecor': 1, 'livingroominterior': 2, 'cozyhomedecor': 2, 'falldecorations': 1, 'falldecorating': 1, 'livingroomstyle': 1, 'autumnvibes': 1, 'cozyfall': 1}"
57449,3256.94,83.05,5.8138,0.0,0,0,0,0,0.0,-
89664,1816.51,22.75,2.0513,2.0103,23,3,5,15,1.565,"{'nationalparkafterdark': 3, 'podcast': 3, 'nationalparks': 6, 'whorunsthispark': 3, 'stories': 3, 'adventure': 3, 'outdoors': 3, 'jimcorbett': 1, 'grandtetonnationalpark': 1, 'parksproject': 3, 'leaveitbetter': 3, 'spookyseason': 1, 'fallvibes': 1, 'spookyszn': 2}"
12313,187.59,2.12,1.5407,1.9492,3,0,2,1,5.0,"{'motivaciÃ³ndiaria': 1, 'energÃ­apositiva': 1, 'equilibriocuerpomente': 1, 'vibrasaltas': 1, 'energÃ­avital': 1, 'conexiÃ³ninterior': 1, 'crecimientopersonal': 1, 'mentalidadpositiva': 1, 'actitudimparable': 1, 'bienestarintegral': 1, 'despiertatuenergÃ­a': 1, 'viveconpropÃ³sito': 1, 'poderinterior': 1, 'reelmotivacional': 1, 'energÃ­aenmovimiento': 1}"
31141,2915.16,42.32,9.4971,21.7687,1,0,1,0,10.0,"{'vflwolsburg': 1, 'arbeit': 1, 'fussball': 1, 'leidenchaft': 1, 'immernurdu': 1, 'immer_hungrig': 1, 'wolves': 1, 'ðº': 1, 'bo4wob': 1, 'bundesliga': 1}"
27504,1867.77,29.84,6.8994,0.8544,6,0,0,6,1.167,"{'traumschiff': 2, 'zdf': 1, 'argentina': 2, 'dreamboat': 1, 'loveboat': 1}"
30668,1501.18,23.3,4.9709,2.2403,24,8,8,8,3.875,"{'asthetic': 1, 'aestheticedit': 1, 'phonephotography': 1, 'selfie': 1, 'timer': 1, 'selfphotography': 1, 'instagram': 5, 'sareeblouse': 1, 'sareelover': 1, 'lightroom': 1, 'sareestyle': 1, 'ig': 2, 'igaddict': 1, 'love': 2, 'explore': 1, 'fyp': 6, 'instafilters': 1, 'india': 1, 'forest': 1, 'simplefits': 1, 'simplicity': 1, 'white': 1, 'sunset': 2, 'diwali': 1, 'festival': 1, 'light': 1, 'evening': 1, 'rainyday': 1, 'clouds': 1, 'eveningsky': 1, 'sky': 1, 'rainiysky': 1, 'comebackhome': 1, 'bengalisong': 1, 'reelsinstagram': 1, 'recent4recent': 1, 'instagood': 1, 'reels': 1, 'followforfollowback': 1, 'explorepage': 1, 'video': 1, 'videography': 2, 'shoot': 1, 'naturephotography': 1, 'natural': 1, 'vibes': 1, 'reelkarofeelkaro': 1, 'igdaily': 1, 'instadaily': 1, 'postoftheday': 1, 'music': 1, 'puja': 1, 'holidays': 1, 'kolkata': 3, 'klolkata_igers': 1, 'kolkatastreets': 1, 'lover': 1, 'igers': 2, 'durgapuja': 1, 'pujovibes': 1, 'pandlehopping': 1, 'explorepageâ¨': 1, 'story': 1, 'reelsviral': 1, 'reelspecial': 1, 'fypã·': 1, 'style': 1, 'sareelove': 1, 'redlover': 1, 'princepghat': 1, 'streetstyle': 1, }"
61819,11182.57,193.46,18.4022,0.0,0,0,0,0,0.0,-
18476,819.23,15.49,4.5179,9.5266,7,1,1,5,2.429,"{'vans': 2, 'dwikyka': 5, 'pleasures': 2, 'clarks': 2, 'comics': 1, 'spec': 1, 'magazine': 1, 'djokolelono': 1, 'getaran': 1, 'scifi': 1}"
22372,712.42,32.22,3.3285,2.882,32,0,32,0,5.063,"{'livemusic': 32, 'musicians': 32, 'drummers': 30, 'drums': 22, 'atx': 28, 'music': 9, 'practice': 1, 'drumming': 1, 'viola': 1, 'drumsolo': 5, 'japan': 1}"
77909,2303.3,290.07,3.3287,0.154,1,1,0,0,1.0,{'berlin': 1}
12533,631.64,12.42,5.139,11.0694,3,1,0,2,1.0,"{'galleryindex8': 2, 'berightback2024': 1}"
96231,779.68,26.26,0.8375,0.1204,17,4,1,12,5.235,"{'uae': 3, 'arab': 3, 'designs': 3, 'suadi': 3, 'home': 3, 'kuwait': 3, 'house': 3, 'concept': 3, 'ksa': 3, 'oman': 3, 'qatar': 3, 'architecture': 10, 'saudi': 8, 'designer': 7, 'designlovers': 6, 'housedesign': 10, 'design': 8, 'architectural': 5, 'interior': 1, 'saudiarabia': 1}"
73629,0.0,0.0,0.0,0.0,0,0,0,0,0.0,-
76405,618.14,15.88,0.8298,0.0,0,0,0,0,0.0,-
23303,3222.37,44.25,14.018,4.4529,3,2,1,0,0.0,{}
83509,38.4,1.31,0.0476,0.0299,4,1,3,0,1.25,"{'directprod': 1, 'fallyipupa': 1, 'singuila': 1, 'ntcham': 1, 'paricionbosse': 1}"
97551,127.29,0.7,0.1312,0.0,0,0,0,0,0.0,-
97733,1506.56,73.71,1.6169,1.3284,28,0,27,1,2.464,"{'íì²´ëê¸°ì¸ìì´': 1, 'keepgoing': 1, 'ë±ì´ë': 3, 'ììí': 1, 'ì´ëë¦´ì¤': 1, 'ì¬ë¯¸ë¡ë§ë´ì£¼ê¸°': 1, 'ê·¼ì¡ììë¬´ëììì': 1, 'ê·¸ëëì´ëìì¬ì§ìì§': 1, 'í´ììì¤ìì±': 1, 'bangkok': 2, 'vlog': 1, 'ì¬íì¼ê¸°': 1, 'ë°©ì½ì¬í': 1, 'ë°©ì½ë§ì§': 1, 'ë°©ì½ê°ë³¼ë§íê³³': 1, 'vacation': 1, 'ë°©ì½': 1, 'ì¢ìì': 1, 'ê¸°ìíì´ê±°ì¦': 1, 'ì¼ì±': 1, 'íêµ­ìë¦¬ì¦': 1, '5ì°¨ì ': 1, 'ì¤ëëíì´í': 1, 'ê°ì¦ì': 1, 'ì´ê¹¨ì´ë': 4, 'ì´ëë¤ëìë': 1, 'ì¹­ì°¬ìì¤ë¹ëì´ìëë°': 1, 'ì´ëì¼ì§': 1, 'ì´ëìíµë¨': 1, 'ì´ëë£¨í´': 1, 'ì¸¡ë©´ì¼ê°ê·¼': 2, 'íì²´ì¶ì²ê³¡': 1, 'ê³ ë§ì¡°ì¬': 1, 'ê·¼ì¡íµì¡°ì¬': 1, 'íì²´ì´ë': 1, 'ì¤ë¬¸í¬íìì': 1, 'ì´ëì¸': 1, 'í¬ì¤ì¸': 1, 'ë°ë²¨ë¡ì°': 1, 'ë±': 1, 'ì¤ì´ì': 1, 'ê·¼ì±ì¥': 1, 'ì¨ì´í¸í¸ë ì´ë': 1, 'ì´ëì¼ê¸°': 1, 'ê°ì´ì´ë': 1, 'chest': 1, 'ë©í¼ë¸ë¦­': 1, 'rappublic': 1, 'ì¤ëëë§ìê²': 1, 'ì´ëíì': 1, 'ìëì¬ëëìë§ë³´ì´ëê¿í': 1, 'legday': 1, 'legworkout': 1, 'ë±ì´ëë£¨í´': 1, 'ê´ë°°ê·¼': 1, 'shoulderworkout': 1, 'ëê¸°ë¶ì¬': 1, 'ì¤ëë¹ì ìíë£¨ëì´ë ëì': 1, 'ë¯¼íë¨': 1, 'ê°ì¬ë¨': 1, 'íë©´ì¼ê°ê·¼': 1, 'ì ë©´ì¼ê°ê·¼': 1}"
32383,1145.34,6.8,3.5578,6.6671,1,0,0,1,16.0,"{'zaktohdesign': 1, '1618design': 1, 'japandi': 1, 'minimalistinterior': 1, 'interiordesign': 1, 'scandinavian': 1, 'sgrenovations': 1, 'sginterior': 1, 'sghomes': 1, 'cozyplaces': 1, 'architecture': 1, 'minimalism': 1, 'japanhomes': 1, 'interiorhome': 1, 'interiordecor': 1, 'kitchen': 1}"
104543,2605.38,28.44,2.5194,2.5339,1,0,1,0,30.0,"{'beautÃ©': 1, 'beauty': 1, 'portrait': 1, 'portraitphotography': 1, 'modelphoto': 1, 'photoshoot': 1, 'couleur': 1, 'color': 1, 'colorphotography': 1, 'chine': 1, 'robe': 1, 'blonde': 1, 'brune': 1, 'brunette': 1, 'brunegirl': 1, 'asiatique': 1, 'elegance': 1, 'magnifique': 1, 'gorgeous': 1, 'defile': 1, 'dÃ©filÃ©': 1, 'wagram': 1, 'sallewagram': 1, 'arcdetriomphe': 1, 'show': 1, 'paris': 1, 'parÃ­s': 1, 'parisphoto': 1, 'dress': 1, 'francaise': 1}"
101262,4833.39,62.5,4.8349,6.5958,1,0,1,0,0.0,{}
98169,1766.69,9.88,1.8097,0.6592,22,5,15,2,0.0,{}
43825,260.23,18.02,0.6349,1.0473,5,3,1,1,0.0,{}
63713,493.01,1.46,0.7761,0.1711,1,1,0,0,0.0,{}
162055,2457.18,124.87,1.1672,2.9228,40,12,16,12,0.25,"{'cihbank': 5, 'bankathon': 1, 'innovation': 1, 'cih': 1, 'code_gamer': 2}"
96632,3470.18,47.68,3.6405,2.5477,7,2,1,4,0.286,"{'poser': 1, 'quoted': 1}"
38198,1806.89,87.01,4.9581,4.2568,16,0,0,16,8.25,"{'fairground': 1, 'fairgroundfestival': 1, 'hannover': 2, 'festivaloutfit': 1, 'indoorfestival': 1, 'rave': 1, 'raveoutfit': 1, 'ravegirls': 1, 'raveculture': 1, 'techno': 1, 'photodump': 2, 'november': 1, 'novemberdump': 1, 'selfie': 3, 'girlselfie': 3, 'weekendpic': 1, 'mirrorselfie': 1, 'girlportrait': 9, 'novemberphotoaday': 1, 'portrait': 6, 'winteroutfit': 1, 'winterfashion': 1, 'winterportrait': 1, 'girl': 1, 'seasons': 1, 'portraits': 4, 'sundaypost': 2, 'sundaypic': 1, 'portraitphotography': 5, 'sunshinegirl': 1, 'sunshinepictureoftheday': 1, 'beige': 1, 'beigeaesthetic': 2, 'streetstyle': 1, 'streetphotography': 2, 'styleinspiration': 1, 'mondaypost': 3, 'madmonday': 1, 'mondayselfie': 3, 'fallinspo': 1, 'fashionfactory': 1, 'fallfashion': 2, 'fallstyle': 5, 'portaitphotography': 1, 'autumnportrait': 3, 'dump': 1, 'octoberdump': 1, 'october': 1, 'oktoberfest': 1, 'octobervibes': 1, 'pizzaaa': 1, 'happyhalloween': 1, 'pumpkins': 1, 'halloween': 1, 'trickortreat': 1, 'halloweenpumpkin': 1, 'pumpkinspice': 1, 'hannovercity': 1, 'photoeveryday': 1, 'photoshooting': 1, 'modeling': 1, 'poses': 1, 'autumncolors': 3, 'autumnphotography': 3, 'autumnlook': 2, 'selfiegirl': 1, 'girlpost': 1, 'autumn': 2, 'autumnvibes': 1, 'autumnstyles': 1, 'sundaystroll': 1, 'autumnstroll': 1, 'falloutfits': 1, 'fallvibes': 1, 'fallportraits': 1, 'coffeestyle': 1, 'coffeelife': 1, 'autumnoutfit': 1, 'saturday': 1, 'fall': 1, 'falllook': 1, 'naturallight': 1, 'selfiemonday': 1, 'bridalselfie': 1, 'blondegirl': 1, 'bridelook': 1}"
24203,1111.4,88.96,4.9596,2.2518,1,1,0,0,10.0,"{'ÑÐºÑÐ°ÑÐ½Ð°ðºð¦': 1, 'ÐºÐ¸ÑÐ²': 1, 'Ð´Ð½ÑÐ¿ÑÐ¾': 1, 'Ð·Ð°ÐºÐ°Ñ': 1, 'Ð¾ÑÑÐ½Ñ': 1, 'ukraine': 1, 'kyiv': 1, 'kaplanigorkiev': 1, 'travrlblogger;: 1, 'travelling': 1}"
43835,69.23,0.46,0.159,0.124,16,9,6,1,8.5,"{'patienceisvirtue': 1, 'timeisouressence': 1, 'agedandbutcheredjakarta': 1, 'jakartaeats': 5, 'nuruk': 1, 'jakarta': 3, 'mdarestaurants': 13, 'agedandbutchered': 12, 'restaurantphilosophy': 1, 'steakhousetale': 1, 'premiumtomahawk': 1, 'australianwagyu': 1, 'wagyufeast': 1, 'gourmetexperience': 1, 'ultimatesteak': 1, 'steakgoals': 1, 'kasutera': 1, 'japanesecastellacake': 1, 'japanesespongecake': 1, 'cake': 1, 'dessertcake': 1, 'hamperscake': 1, 'sweettooth': 1, 'truffleseason': 1, 'weekenddip': 1, 'onsenegg': 1, 'tamago': 1, 'steakhouse': 4, 'yolkporn': 1, 'steak': 4, 'nikutama': 1, 'eggs': 1, 'saturday': 1, 'picanha': 1, 'meatporn': 2, 'meatgoals': 1, 'food': 1, 'grill': 1, 'jakartasteakhouse': 3, 'weekend': 1, 'wineanddine': 1, 'dryaged': 3, 'tbonelove': 1, 'tbone': 1, 'bali': 1, 'buildingdreams': 1, 'dreamcatcherproject': 1, 'educharity': 1, 'happyhalloween': 1, 'beefjerky': 1, 'jerkymonster': 1, 'halloweenbites': 1, 'halloweentreat': 1, 'halloween': 2, 'wagyutongue': 2, 'wagyubeeftongue': 1, 'premiumwagyubeef': 2, 'australianwagyubeef': 2, 'beeftonguesteak': 1, 'musttry': 1, 'foodiefinds': 1, 'thespookisreal': 1, 'spookymonth': 1, 'restaurant': 1, 'october': 1, 'ghost': 1, 'apt': 1, 'meatchamber': 1, 'agingroom': 1, 'dryagedbeef': 1, 'agetoperfection': 1, 'yourfavoritesteakhouse': 1, 'jakartasteak': 1, 'cateringpartner': 1, 'artjakarta': 1, 'viplounge': 1, 'privatecatering': 1, 'canapÃ©s': 1, 'canapÃ©scatering': 1, 'jakartacatering': 1, 'restaurantcatering': 1, '2grwagyutongue': 1, 'wagyusteak': 1, 'premiumsteak': 1, 'exceptionaltaste': 1, 'jakartapremiumsteak': 1, 'steakperfection': 1, 'beautifulmarbling': 1, 'steaknight': 1, 'steaklovers': 1, 'nextlevelsteakhouse': 1, 'carnivoredream': 1}"
98865,897.11,28.0,0.9357,0.0394,6,2,3,1,10.833,"{'syncvans': 5, 'vanlife': 6, 'adventureready': 2, 'exploremore': 3, 'homeonwheels': 4, 'custombuild': 2, 'vanlifecommunity': 5, 'dreambigdrivefar': 1, 'roadtrip': 1, 'vanconsultation': 1, 'mountainbiking': 1, 'builtforadventure': 1, 'trailready': 1, 'bikelife': 1, 'adventureon': 1, 'vanbuilds': 1, 'customvans': 2, 'atlas144': 1, 'atlas170': 1, 'roadtriplife': 1, 'dreamvan': 1, 'adventureawaits': 1, 'syncblack': 1, 'buildyourdreamvan': 1, 'vanbuild': 1, 'vanconversions': 1, 'adventuremobile': 2, 'exploretheoutdoors': 2, 'travelinstyle': 1, 'roadtripready': 2, 'vanlifediaries': 1, 'vanlifeadventure': 1, 'campervans': 1, 'winterizeyourvan': 1, 'coldweathercamping': 1, 'wintervans': 1, 'vanlifeinwinter': 1, 'vanlifers': 1, 'liveinavan': 1, 'wanderlust': 1, 'outdooradventures': 1}"
88669,2838.27,41.87,3.2482,0.0,0,0,0,0,0.0,-
53188,390.17,6.87,0.7465,0.3685,4,1,1,2,0.0,{}
137717,840.7,5.0,0.6141,0.2275,54,16,17,21,5.963,"{'withjoy': 57, 'weddinginspo': 44, '2025wedding': 29, '2026wedding': 9, 'weddingflorals': 12, 'weddingceremony': 3, 'engagment': 1, 'weddingreception': 10, 'weddingfun': 1, 'weddingideas': 5, 'weddingplanning': 9, 'weddingrsvp': 1, 'rsvp': 3, 'weddingbliss': 1, 'newlyweds': 1, 'weddingrules': 1, 'weddinginspiration': 29, 'weddings': 29, '2025bride': 18, 'guestlist': 1, 'weddingsinspo': 1, '2024wedding': 1, 'diywedding': 1, 'weddingtrends': 1, 'weddingtabledecor': 2, 'florals': 12, 'weddingvenue': 2, 'seatingchart': 1, 'weddingapp': 1, 'weddingwebsite': 2, 'joyapp': 1, 'wedding': 1, 'weddingfood': 1, 'pastabar': 1, 'weddinghumour': 2, 'weddingrelatable': 2, 'guestlistorganizer': 1, 'latenightsnack': 1, 'weddingdress': 1, 'weddingdesign': 9, 'floraldesgin': 7, 'engaged': 1, 'weddingdetails': 4, 'weddingguest': 1, 'montanawedding': 1}"
29779,1650.04,43.22,5.6861,13.5912,3,1,1,1,1.667,"{'fypage': 1, 'myspace': 1, 'emo': 1, 'emokid': 1, 'thesummerset': 1}"
102291,3557.81,140.24,3.6152,3.5076,25,9,0,16,6.0,"{'cosplay': 1, 'romics2024': 1, 'onepiece': 1, 'nami': 1, 'anime': 1, 'comics': 1}"
42937,4410.05,26.27,10.3322,2.3804,34,0,22,12,0.059,"{'larocheposay': 1, 'melab3': 1}"
89905,381.98,2.41,0.4275,0.2197,37,11,5,21,17.351,"{'nailsofinstagram': 33, 'nailsoftheday': 33, 'nailsonfleek': 33, 'nailporn': 33, 'nailinspo': 33, 'nailart': 33, 'naildesign': 33, 'instanails': 33, 'manicure': 33, 'gelmanicure': 33, 'gelnails': 33, 'gelpolish': 33, 'pdx': 33, 'pdxlife': 33, 'pnw': 33, 'pnwlife': 33, 'thegelbottleinc': 33, 'fingerbangportland': 33, 'apresgelx': 4, 'apresgelxnails': 4, 'gelx': 4, 'gelxnails': 4, 'halloween': 11, 'halloweennails': 10, 'mcdonalds': 1, 'halloweenails': 1, 'mcdonaldsnails': 1, 'gilmoregirls': 1, 'frankenstein': 1, 'frankensteinnails': 1, 'funyuns': 1, 'funyunsnails': 1, 'characterart': 1, 'beetlejuice': 1, 'beetlejuicenails': 1}"
117714,3016.27,8.82,2.5699,3.0715,74,5,25,44,2.5,"{'mutualaid': 9, 'communitycare': 3, 'wekeepussafe': 4, 'collectiveliberation': 5, 'howtoactivist': 3, 'protectblackwomen': 1, 'antifascism': 1, 'wetakecareofus': 1, 'firstaid': 1, 'stopthebleed': 1, 'ifak': 1, 'community': 1, 'love': 1, 'care': 1, '2024': 1, '1312': 1, 'vaccine': 1, 'cdc': 1, 'h5n1': 1, 'influenza': 1, 'flu': 1, 'coldandflu': 1, 'autonomy': 1, 'solidarity': 1, 'dailyactions': 1, 'turtleisland': 1, 'virtualorganizing': 1, 'organize': 2, 'carework': 1, 'popularinitiative': 1, 'globalescalation': 1, 'strikeforgaza': 1, 'strikeforpalestine': 1, 'strikeforlebanon': 1, 'strikeforsudan': 1, 'undernopretext': 1, 'somuchforthetolerantleft': 1, 'communitydefense': 1, 'beungovernable': 1, 'nativeheritagemonth': 1, 'indigenousautonomy': 1, 'counterinsurgency': 1, 'election2024': 2, 'decolonize': 3, 'abolition': 6, 'votebluenomatterwho': 1, 'endthegenocide': 1, 'immigrationreform': 1, 'abolishice': 2, 'abolishprisons': 1, 'fascism': 1, 'latestagecapitalism': 1, 'democracyiscooked': 1, 'abolishthepolice': 1, 'accessibility': 1, 'climatejustice': 1, 'anafalastin': 2, 'iampalestine': 2, 'ÙÙØ³Ø·ÙÙ': 2, 'maskednh': 1, 'masking': 1, 'covid': 1, 'stillcoviding': 1, 'publichealth': 1, 'keepmasksinhealthcare': 1, 'dei': 1, 'disabilityjustice': 1, 'anarchism': 1, 'anarchy': 1, 'anarchist': 1, 'insurrection': 1, 'curiousgeorgebrigade': 1, 'hurricanemilton': 5, 'disasterprep': 1, 'prepping': 1, 'communityorganizing': 1, 'voting': 1, 'freepalestine': 2, 'gaza': 2, 'gazaunderattack': 1, 'ceasefirenow': 1, 'fromtherivertothesea': 1, 'hurricanehelene': 5, 'abolishpolicing': 2, 'uprisingsrus': 1, 'wekeepeachothersafe': 1, 'harmreduction': 1, 'harmreductionsaveslives': 1, 'harmreductionworks': 1, 'harmreductionishealthcare': 1, 'endthestigma': 1, 'supportnotstigma': 1, 'overdoseawarenessmonth': 1, 'overdoseawareness': 1, 'overdoseprevention': 1, 'naloxone': 1, 'naloxonesaveslives': 1, 'carrynaloxone': 1, 'narcan': 1, 'narcansaveslives': 1, 'carrynarcan': 1, 'endoverdose': 1, 'israel_gaza_war': 1, 'palestine': 1, 'israel': 1, 'indigenouspeoplesday': 2, 'landback': 1, 'zine': 1, 'anticolonial': 1, 'anticolonialstrugglemeansattack': 1, 'escalate4gaza': 1, 'escalate4land': 1, 'therevolutionwillnotbefunded': 1, 'nonprofitindustrialcomplex': 1, 'npic': 1, 'incite': 1, 'hurricanefrancine': 1, 'incarceration': 1, 'fema': 1, 'justice': 1, 'prison': 2, 'prisonerrights': 1, 'pleaseshare': 1, 'survival': 1, 'flooding': 1, 'floodwarning': 1, 'stayready': 1, 'train': 1, 'buildskills': 1, 'ftp': 1, 'nopipelinesnoproblem': 1, 'preparation': 1, 'disaster': 1, 'hurricane': 1, '1': 1, 'opsec': 1, 'solidaridad': 1, 'helene': 1, 'marcelluswilliams': 1, 'acab': 1}"
107154,976.91,20.58,0.9309,0.0,0,0,0,0,0.0,-
35237,1979.43,36.95,5.7223,4.0084,14,8,3,3,4.357,"{'december': 1, 'winter': 1, 'skialp': 1, 'joya': 1, 'tycinkafit': 1, 'stalefit': 1, 'blackfriday': 1, 'sportvision': 1, 'shoppingweek': 1, 'spolupraca': 1, 'sweet30': 1, 'birthday': 2, 'engagement': 1, 'party': 1, 'fialky': 2, 'family': 1, 'celebration': 1, 'happybday': 1, 'sweet': 1, 'thirty': 1, 'omg': 1, 'uvex': 1, 'uvexslovakia': 1, 'cooperation': 1, 'godmother': 1, 'romi': 1, 'babysitting': 1, 'lenzerheide': 1, 'swiss': 1, 'welcome': 1, 'november': 1, 'wintercoming': 1, 'bike': 1, 'mountainbike': 1, 'nature': 1, 'slovakia': 1, 'lowtatras': 1, 'bettertogether': 2, 'afrodite': 1, 'palace': 1, 'rajecketeplice': 1, 'love': 1, 'spa': 1, 'relax': 1, 'weekend': 1, 'sunday': 1, 'running': 1, 'bestfriends': 1, 'dennyinstapes': 1, 'doglife': 1, 'sparing': 1, 'sportfulslovensko': 1, 'scarpa': 1, 'kosice': 1, 'marathon': 1, 'mmm': 1, 'unstoppable': 1, '42k': 1}"
35898,4098.92,40.13,11.53,3.8178,8,5,3,0,29.875,"{'motorcyclelife': 8, 'motorcyclelifestyle': 8, 'ride': 8, 'fullthrottle': 8, 'suzukigsxr': 8, 'gsxr1000': 8, 'suzukifamily': 8, 'biker': 8, 'bikerlife': 8, 'exhaust': 8, 'gsxrnation': 16, 'riderich': 8, 'sportbikes': 8, 'gixxer': 8, 'motorciclemafia': 8, 'gsxr': 8, 'gsxr1000r': 8, '2wheelslovers': 8, 'elbowdown': 8, 'superbikesgram': 8, 'sportbikeaddicts': 8, 'europeanbikers': 8, 'bikerboysofinstagram': 8, 'throttlesociety': 8, 'iomttofficial': 7, 'teamsuzuki': 7, 'motosport': 7, 'ridersbook': 7, 'twowheels': 7, 'isleofmantt': 1, 'motosbesalÃº': 1, 'tordeco': 1, 'russy': 1}"
27649,249.65,14.53,0.9555,0.0,0,0,0,0,0.0,-
43424,972.29,6.2,2.2533,1.2276,65,21,0,44,8.092,"{'lego': 15, 'legotechnic': 12, 'bmwm4gt3': 2, 'bmwmotorsport': 1, 'carlovers': 2, 'legobuilder': 5, 'supercar': 19, 'gt3': 2, 'racinglife': 2, 'scalemodel': 23, 'limegreen': 1, 'legocommunity': 1, 'afol': 1, 'legoart': 3, 'custombuild': 6, 'rallycar': 1, 'instalike': 1, 'custom': 6, 'moc': 16, 'hd': 1, 'design': 41, 'a': 1, 'influencer': 7, 'pink': 1, 'porsche': 6, 'hdrphotography': 26, 'madoca1977': 1, 'designer': 10, 'create': 1, 'racecar': 3, 'yellow': 1, 'instacool': 3, 'fordgt': 1, 'carmodel': 1, 'ford': 1, 'freetribebricks': 1, 'hypercar': 10, 'newrelease': 4, 'new': 2, 'set': 1, 'brick': 1, 'kit': 1, 'technic': 21, 'mclarenp1': 3, 'carenthusiast': 7, 'chrome': 3, 'ferrari': 9, 'iconic': 6, 'insta': 18, 'instacart': 6, 'toy': 16, 'collection': 6, 'display': 4, 'collector': 3, 'instagram': 3, 'nissangtr': 1, 'carbuild': 1, 'gtr': 1, 'jdm': 2, 'legocreation': 1, 'autoenthusiast': 1, 'customlego': 1, 'carculture': 4, 'speedlegends': 1, 'brickbuilds': 1, 'gtrowners': 1, 'hdphotography': 1, 'hobby': 2, 'porsche911gt3': 1, 'buildon': 1, 'mclaren': 2, 'p1': 1, 'legoset': 1, 'cool': 3, 'black': 1, 'carshow': 1, 'classiccar': 3, 'skillmodel': 1, 'facebookgroup': 1, 'join': 1, '38': 1, 'baja': 1, 'truck': 2, 'coolcar': 2, 'sticker': 1, 'rc': 5, 'lamborghinihuracan': 1, 'supercarreplica': 1, 'minivsmighty': 1, 'speedandstyle': 1, 'digitaldesign': 1, 'comparisonphoto': 1, 'designing': 1, 'convention': 1, 'supercars': 1, 'legoshow': 1, 'racing': 1, 'classic': 3, 'car': 4, 'review': 1, 'porschecarreragt': 1, 'ferrarilaferrari': 1, 'dreamgarage': 1, 'modelcars': 1, 'fordmustang': 1, 'classiccars': 2, 'musclecarmagic': 1, 'fanmade': 1, 'bmw': 3, 'gt': 1, 'f80': 1, 'newdesign': 1, 'tic': 1, 'lamborghini': 1, 'bugatti': 1, 'model': 2, 'mancave': 1, 'hoonicorn': 2, 'mustang': 3, 'rims': 1, 'holdentorana': 1, 'fanbuild': 1, 'aussiemuscle': 1, 'toranaa9x': 1, 'legocars': 1, 'legomaster': 1, 'holdentoranaa9x': 1, 'ferrarif40': 2, 'supercarbuild': 1, 'whiteferrari': 1, 'ferraritestarossa': 2, 'from': 1, 'chris': 1, 'hyper': 2, 'scale': 1, 'build': 1, 'outdoorphotography': 2, 'framework': 1, 'indoor': 1, 'm4gt3': 1, 'fanbuilds': 1, 'legofans': 1, 'rs6': 1, 'body': 1, 'supercarlifestyle': 1, 'subaru': 1, 'hdr': 1, 'german': 1, 'auto': 1, 'instadaily': 1, 'kenblock': 1, 'driftlife': 1, '1400hp': 1, 'hoonigan': 1, 'automotiveart': 1, 'turbolife': 1, 'speeddemons': 1, 'carreragt': 2, 'legocreator': 1, 'instalife': 1, 'porsche911': 1, 'gearbox': 2, 'outdoorphoto': 1, '1to8scale': 1, 'blackandgold': 1, 'legobuild': 1, 'lambo': 1, 'huracan': 1, 'rebrickable': 1, 'supra': 1, 'toyota': 1, 'release': 1, 'comparison': 1, 'toys': 1, '30': 1, 'fanatecgt': 1, 'motorsport': 1, 'racingvictory': 1, 'teamwrt': 1, 'monza': 1, 'subarusti': 1, 'rallylegend': 1, 'boxerengine': 1, 'turbopower': 1, 'allwheeldrive': 1, 'performancecar': 1, 'subielife': 1, 'stilove': 1, 'for': 1, 'ccfree': 1, 'superstar': 1, 'built': 1, 'brick2cars': 1, '9398': 1, 'nissan': 1, 'godzilla': 1, 'legobuilds': 1, 'engineeringmarvel': 1}"
35507,95.86,4.39,0.2824,0.1077,4,1,3,0,9.5,"{'barber': 3, 'barbershop': 3, 'haircut': 3, baldfade': 1, 'cleanfade': 1, 'linkinbio': 1, 'thecutapp': 1, 'lancaster': 2, 'palmdale': 1, 'enhancements': 1, 'viral': 2, 'fyp': 1, 'barbershopconnect': 2, 'barberlife': 1, 'barberworld': 1, 'baldfades': 1, 'lowfadesðð¥ð': 1, 'lancasterca': 1,'661': 1, 'grind': 1, 'motivation': 1, 'taper': 2, 'fade': 2, 'yourfavortitebarber': 1, 'appointment': 1, 'wicks': 1, 'bigchop': 1}"
31474,124.67,8.7,0.4238,0.1668,10,4,6,0,5.9,"{'tattooideas': 7, 'tatuagem': 7, 'tattoo2me': 5, 'tatuagens': 5, 'tattooist': 4, 'tatuagensinspiradoras': 5, 'tattoostyle': 6, 'tatuagensmasculinas': 4, 'tatuagensbrasil': 3, 'tattooart': 2, 'tattoos': 2, 'tattooartist': 2, 'tattoolife': 1, 'tattooinspiration': 1, 'fechamentotattoo': 1, 'tattooed': 1, 'tattoobrasil': 1, 'tattoooftheweek': 1, 'tattoosleeve': 1}"
41500,196.93,15.88,0.5128,1.1463,15,2,2,11,6.8,"{'brotherali': 1, 'ant': 1, 'satisfiedsoul': 1, 'hiphop': 6, 'mellomusicgroup': 12, 'apollobrown': 4, 'crimeapple': 1, 'thisisnotthat': 1, 'mello': 8, 'mmg': 1, 'boombap': 1, 'vinyl': 2, 'records': 1, 'hiphopvinyl': 1, 'detroit': 2, 'mantecca': 1, 'jabee': 4, 'philmoregreene': 3, 'thegranddesign': 3, 'chicago': 3, 'rap': 4, 'rashidhadee': 2, 'slota': 1, 'bruiserwolf': 2, 'skyzoo': 2, 'ufofev': 1, 'releaseday': 2, 'soundsbeautifullikethetruth': 2, 'quellechris': 2, 'birthday': 1, 'blvckspvde': 3, 'thecosmos': 3, 'jazz': 3, 'soul': 2, 'overjoyedthroughtgenoise': 1, 'overjoyedthroughthenoise': 2, 'thespiritiswilling': 1, 'playlists': 1, 'okc': 1, 'evidence': 1, 'mstacks': 1, 'marvwon': 1, 'conductorwilliams': 2, 'ghettobabies': 1, 'tucson': 1, 'stlouis': 1, 'experimentaljazz': 1}"
38022,125.36,4.07,0.3404,0.1289,1,0,1,0,29.0,"{'ØµÙØ±': 1, 'ÙØ§ÙÙ': 1, 'Ø§ÙØ³Ø¨ÙÙØ±': 1, 'ÙÙÙÙÙÙ': 1, 'ÙØ§ÙÙØ§Øª': 1, 'ØªØµÙÙÙÙ': 1, 'ÙÙÙÙØª': 1, 'ÙÙØ´Ù': 1, 'ÙØ´Ø±': 1, 'ØªØ¨Ø§Ø¯Ù': 1, 'Ø§ÙÙÙÙØª': 1, 'ØªØ§Ø¨Ø¹ÙÙ': 1, 'ÙØªØ§Ø¨Ø¹ÙÙ': 1, 'ØªØµÙÙÙ': 1, 'ÙÙÙÙØ±Ø²': 1, 'Ø¶Ø­Ù': 1, 'Ø§ÙØ±ÙØ§Ø¶': 1, 'Ø§ÙØ³ØªÙØ±Ø§Ù': 1, 'ØªØµÙÙØ±Ù': 1, 'ÙÙÙÙ': 1, 'Ø§ÙØ§ÙØ§Ø±Ø§Øª': 1, 'Ø¹Ø±Ø¨': 1, 'Ø§ÙØ³Ø¹ÙØ¯ÙØ©': 1, 'ÙØ§ÙÙØ§ØªÙÙ': 1, 'ØµÙØ±Ø©': 1, 'ÙÙÙÙØªØ§Øª': 1, 'follow4follow': 1, 'Ø¨ÙØ§Øª': 1, 'ÙØ±Ø¨ÙØ§Ø¡': 1}"
83386,2549.94,54.87,3.1238,0.4071,18,0,16,2,5.889,"{'fall': 1, 'autumn': 1, 'autumnvibes': 1, 'autumnlook': 5, 'explorepage': 17, 'explore': 15, 'phototips': 1, 'photoediting': 1, 'carousel': 2, 'photodump': 2, 'model': 3, 'solotravel': 2, 'paris': 1, 'explorer': 1, 'parisienne': 2, 'parisianlifestyle': 1, 'parisianvibes': 1, 'chichatime': 1, 'matcha': 1, 'matchalover': 1, 'reels': 1, 'bali': 2, 'ootd': 3, 'outfitinspiration': 1, 'outfitideas': 1, 'halloween': 4, 'disney': 2, 'cosplay': 1, 'princesskida': 2, 'halloweenparty': 2, 'halloweencostume': 2, 'instagram': 1, 'instagramparty': 1, 'meta': 1, 'funny': 1, 'travel': 1, 'islandgirl': 1, 'islandlife': 1, 'bodypositive': 1, 'chitchat': 1, 'shortking': 1, 'zendaytomholland': 1, 'outfitinspo': 2, 'grwm': 1, 'outfit': 2, 'autumnoutfit': 1, 'casualstyle': 1, 'casualoutfit': 1, 'halloweenmakeup': 1, 'dress': 1, 'darkskin': 1, 'melanin': 1, 'fallfashion': 1, 'parisianstyle': 1}"
43107,736.52,17.35,1.7488,0.0,0,0,0,0,0.0,-
19720,1607.06,140.76,8.8632,8.1611,8,1,5,2,0.0,{}
